asset,environment,reachability,control_effectiveness,business_criticality,reachability_source,control_source,business_source
NS-WEB-PORTAL-01,PROD,INTERNET,STRONG,CRITICAL,zone:DMZ,control:waf@2026-08-14,rto:2h
NS-WEB-PORTAL-02,PROD,INTERNET,NONE,CRITICAL,zone:DMZ,no-control,rto:2h
NS-API-GW-01,PROD,INTERNET,PARTIAL,CRITICAL,zone:DMZ,control:waf@2026-08-14,rto:2h
NS-MAIL-GW-01,PROD,INTERNET,PARTIAL,IMPORTANT,zone:DMZ,control:edr@2026-09-02,data:CONFIDENTIAL
NS-VPN-GW-01,PROD,INTERNET,NONE,CRITICAL,zone:DMZ,no-control,rto:4h
NS-EDGE-RTR-01,PROD,INTERNET,NONE,CRITICAL,zone:DMZ,no-control,rto:1h
NS-APP-ORDER-01,PROD,INTERNAL,NONE,CRITICAL,zone:APP,no-control,rto:2h
NS-APP-BILLING-01,PROD,INTERNAL,NONE,CRITICAL,zone:APP,no-control,data:RESTRICTED
NS-APP-INTRANET-01,PROD,INTERNAL,UNKNOWN,NORMAL,zone:APP,control:edr@2026-05-30 (expired 117d),data:INTERNAL
NS-APP-REPORT-01,PROD,INTERNAL,NONE,NORMAL,zone:APP,no-control,data:INTERNAL
NS-DB-CUSTOMER-01,PROD,INTERNAL,STRONG,CRITICAL,zone:DATA,control:network_segmentation@2026-09-10,data:RESTRICTED
NS-DB-BILLING-01,PROD,INTERNAL,STRONG,CRITICAL,zone:DATA,control:network_segmentation@2026-09-10,data:RESTRICTED
NS-BACKUP-01,PROD,INTERNAL,NONE,CRITICAL,zone:DATA,no-control,data:RESTRICTED
NS-FILE-SRV-01,PROD,INTERNAL,NONE,IMPORTANT,zone:CORP,no-control,rto:24h
NS-AD-DC-01,PROD,INTERNAL,STRONG,CRITICAL,zone:MGMT,control:mfa_admin_tiering@2026-08-28,rto:1h
NS-JUMP-01,PROD,INTERNAL,PARTIAL,CRITICAL,zone:MGMT,control:mfa@2026-09-05,rto:4h
NS-MON-01,PROD,INTERNAL,NONE,IMPORTANT,zone:MGMT,no-control,rto:8h
NS-OPS-WS-07,PROD,INTERNAL,NONE,IMPORTANT,zone:CORP,no-control,rto:24h
NS-PLC-DC-ENV,PROD,ISOLATED,NONE,CRITICAL,zone:OT,no-control,rto:2h
NS-LAB-CONFLUENCE-01,NON_PROD,ISOLATED,NONE,NORMAL,zone:LAB,no-control,data:NONE
