account,source,target,privilege
svc_order,NS-APP-ORDER-01,NS-DB-CUSTOMER-01,db_read_write
svc_billing,NS-APP-BILLING-01,NS-DB-BILLING-01,db_read_write
svc_report,NS-APP-REPORT-01,NS-DB-CUSTOMER-01,db_read_only
svc_backup,NS-BACKUP-01,NS-DB-CUSTOMER-01,db_read_only
svc_monitor,NS-MON-01,NS-APP-ORDER-01,local_service
adm_platform,NS-JUMP-01,NS-DB-CUSTOMER-01,local_admin
adm_platform,NS-JUMP-01,NS-DB-BILLING-01,local_admin
adm_domain,NS-JUMP-01,NS-AD-DC-01,domain_admin
break_glass,NS-JUMP-01,NS-AD-DC-01,domain_admin
ops_desktop,NS-OPS-WS-07,NS-JUMP-01,interactive_logon
