source,target,port,protocol,allowed
INTERNET,NS-EDGE-RTR-01,443,tcp,yes
INTERNET,NS-WEB-PORTAL-01,443,tcp,yes
INTERNET,NS-WEB-PORTAL-02,443,tcp,yes
INTERNET,NS-API-GW-01,443,tcp,yes
INTERNET,NS-MAIL-GW-01,443,tcp,yes
INTERNET,NS-VPN-GW-01,443,tcp,yes
NS-WEB-PORTAL-01,NS-APP-ORDER-01,8080,tcp,yes
NS-WEB-PORTAL-02,NS-APP-ORDER-01,8080,tcp,yes
NS-API-GW-01,NS-APP-ORDER-01,8080,tcp,yes
NS-API-GW-01,NS-APP-BILLING-01,8443,tcp,yes
NS-VPN-GW-01,NS-JUMP-01,3389,tcp,yes
NS-MAIL-GW-01,NS-AD-DC-01,389,tcp,yes
NS-APP-ORDER-01,NS-DB-CUSTOMER-01,5432,tcp,yes
NS-APP-BILLING-01,NS-DB-BILLING-01,5432,tcp,yes
NS-APP-REPORT-01,NS-DB-CUSTOMER-01,5432,tcp,yes
NS-APP-INTRANET-01,NS-FILE-SRV-01,445,tcp,yes
NS-JUMP-01,NS-DB-CUSTOMER-01,5432,tcp,yes
NS-JUMP-01,NS-DB-BILLING-01,5432,tcp,yes
NS-JUMP-01,NS-AD-DC-01,3389,tcp,yes
NS-JUMP-01,NS-APP-ORDER-01,22,tcp,yes
NS-MON-01,NS-APP-ORDER-01,9100,tcp,yes
NS-AD-DC-01,NS-FILE-SRV-01,445,tcp,yes
NS-OPS-WS-07,NS-JUMP-01,3389,tcp,yes
NS-DB-CUSTOMER-01,NS-BACKUP-01,873,tcp,yes
NS-LAB-CONFLUENCE-01,NS-FILE-SRV-01,445,tcp,no
