policy_id,source_scope,destination,port,action,verified_at
POL-01,INTERNET,DMZ,443,allow,2026-09-12
POL-02,INTERNET,APP,0,deny,2026-09-12
POL-03,INTERNET,DATA,0,deny,2026-09-12
POL-04,DMZ,APP,8080,allow,2026-09-12
POL-05,DMZ,APP,8443,allow,2026-09-12
POL-06,DMZ,MGMT,3389,allow,2026-08-30
POL-07,DMZ,DATA,0,deny,2026-09-12
POL-08,APP,DATA,5432,allow,2026-09-10
POL-09,MGMT,DATA,5432,allow,2026-09-10
POL-10,MGMT,APP,0,allow,2026-08-30
POL-11,CORP,MGMT,3389,allow,2026-09-05
POL-12,CORP,DATA,0,deny,2026-09-12
POL-13,APP,CORP,445,allow,2026-09-10
POL-14,MGMT,CORP,445,allow,2026-08-30
POL-15,LAB,CORP,0,deny,2026-09-12
POL-16,OT,CORP,0,deny,2026-09-12
