asset_id,port,protocol,service,version,state,runs_as
NS-EDGE-RTR-01,443,tcp,ios-xe-webui,17.6.1,listening,local_admin
NS-WEB-PORTAL-01,443,tcp,apache-httpd,2.4.49,listening,local_service
NS-WEB-PORTAL-01,80,tcp,apache-httpd,2.4.49,closed,local_service
NS-WEB-PORTAL-02,443,tcp,apache-httpd,2.4.49,listening,local_service
NS-WEB-PORTAL-02,80,tcp,apache-httpd,2.4.49,closed,local_service
NS-API-GW-01,443,tcp,nginx,1.20.1,listening,local_service
NS-MAIL-GW-01,443,tcp,exchange-owa,15.2.792,listening,local_service
NS-VPN-GW-01,443,tcp,fortios-ssl-vpn,6.0.4,listening,local_admin
NS-APP-ORDER-01,8080,tcp,tomcat,9.0.30,listening,local_service
NS-APP-ORDER-01,22,tcp,openssh,8.2p1,listening,interactive_logon
NS-APP-ORDER-01,9100,tcp,node-exporter,1.3.1,listening,local_service
NS-APP-BILLING-01,8443,tcp,moveit-transfer,15.0.1,listening,local_service
NS-APP-INTRANET-01,8090,tcp,confluence,8.5.1,listening,local_service
NS-APP-REPORT-01,8009,tcp,tomcat-ajp,9.0.30,listening,local_service
NS-DB-CUSTOMER-01,5432,tcp,postgresql,14.5,listening,local_service
NS-DB-BILLING-01,5432,tcp,postgresql,14.5,listening,local_service
NS-BACKUP-01,873,tcp,rsync,3.2.3,listening,local_service
NS-BACKUP-01,445,tcp,smb,1.0,filtered,local_service
NS-FILE-SRV-01,445,tcp,smb,1.0,listening,local_service
NS-FILE-SRV-01,22,tcp,openssh,7.4p1,listening,interactive_logon
NS-AD-DC-01,389,tcp,ldap,2019,listening,local_service
NS-AD-DC-01,3389,tcp,rdp,10.0,listening,local_admin
NS-AD-DC-01,445,tcp,netlogon,2019,listening,local_service
NS-JUMP-01,3389,tcp,rdp,10.0,listening,local_admin
NS-MON-01,3000,tcp,grafana,9.1.0,listening,local_service
NS-OPS-WS-07,445,tcp,smb,3.1.1,filtered,local_service
NS-PLC-DC-ENV,44818,tcp,controllogix,32.011,listening,local_admin
NS-LAB-CONFLUENCE-01,8090,tcp,confluence,7.13.0,listening,local_service
