asset_id,cve,product,cpe_product,version,source,verified_at,notes
NS-WEB-PORTAL-01,CVE-2021-41773,apache-httpd,http_server,2.4.49,package_manager,2026-09-18,CPE 只列 2.4.49 這一版，剛好命中
NS-WEB-PORTAL-02,CVE-2021-41773,apache-httpd,http_server,2.4.49,package_manager,2026-09-18,與 PORTAL-01 同一個映像檔
NS-VPN-GW-01,CVE-2024-21762,fortios,fortios,6.0.4,vendor_portal,2026-09-20,受影響 6.0.0–6.0.18
NS-VPN-GW-01,CVE-2018-13379,fortios,fortios,6.0.4,vendor_portal,2026-09-20,受影響 6.0.0–6.0.5；同一台同時中兩個
NS-EDGE-RTR-01,CVE-2023-20198,ios-xe,ios_xe,17.6.1,vendor_portal,2026-09-20,受影響 17.6–17.6.6a
NS-APP-INTRANET-01,CVE-2023-22515,confluence,confluence_server,8.5.1,agent_inventory,2026-09-19,受影響 8.5.0–8.5.2
NS-LAB-CONFLUENCE-01,CVE-2022-26134,confluence,confluence_server,7.13.0,agent_inventory,2026-09-19,受影響 7.13.0–7.13.7
NS-APP-REPORT-01,CVE-2020-1938,tomcat,tomcat,9.0.30,package_manager,2026-09-18,受影響 9.0.0–9.0.31
NS-AD-DC-01,CVE-2020-1472,windows-server,windows_server_2019,2019,agent_inventory,2026-09-17,CPE 列 windows_server_2019
NS-JUMP-01,CVE-2019-0708,windows-server,windows_server_2019,2019,agent_inventory,2026-09-17,CPE 只列 windows_7／windows_server_2008／2008_r2；2019 不在其中
NS-FILE-SRV-01,CVE-2018-15919,openssh,openssh,7.4p1,banner,2026-09-21,受影響 5.9–7.8，看起來命中——但這是 banner，發行版回溯修補後它不會變
NS-APP-BILLING-01,CVE-2023-34362,moveit-transfer,moveit_transfer,15.0.1,manual,2026-09-15,15.0.x 是 moveit_cloud 的編號；CPE 的 moveit_transfer 用 2021.x／2022.x，兩套編號對不起來
NS-MAIL-GW-01,CVE-2021-26855,exchange-server,exchange_server,15.2.792,agent_inventory,2026-09-16,15.2.x 是 Exchange 2019；CPE 以 2013／2016／2019 加 CU 編號表示，數字版本對不上去
NS-PLC-DC-ENV,CVE-2024-6242,controllogix,controllogix,32.011,manual,2026-08-02,NVD 這筆 configurations 是空的——沒有範圍可比，而且這份人工紀錄也過期了
